1;Robert;Frankcomb;77647707188;rfrankcomb0@typepad.com;12345678
2;Uriel;Pearcehouse;16079734682;upearcehouse1@com.com;12345679
3;Bellanca;Lowy;94261436181;blowy2@cdbaby.com;12345680
4;Nalani;Lawling;83598905024;nlawling3@shareasale.com;12345681
5;Ruprecht;Leggate;66556231892;rleggate4@bandcamp.com;12345682
6;Bryan;Durtnal;96210257013;bdurtnal5@cbslocal.com;12345683
7;Roxine;Penwright;67510343774;rpenwright6@tinypic.com;12345684
8;Kamillah;Weson;71628420363;kweson7@nsw.gov.au;12345685
9;Georgena;Addionisio;19575399965;gaddionisio8@google.de;12345686
10;Roselle;Jansa;86998567381;rjansa9@xrea.com;12345687
11;Janifer;Tritton;98820876549;jtrittona@delicious.com;12345688
12;Cathee;Broader;44782433978;cbroaderb@example.com;12345689
13;Raffarty;Sherrington;89678699115;rsherringtonc@free.fr;12345690
14;Tobi;Kenyam;10427319015;tkenyamd@weibo.com;12345691
15;Mariam;Kidds;68275081404;mkiddse@canalblog.com;12345692
16;Zarah;Sumption;24756401733;zsumptionf@marriott.com;12345693
17;Carrie;Garman;93727959173;cgarmang@blogspot.com;12345694
18;Horatius;Emig;85904431377;hemigh@bravesites.com;12345695
19;Valina;Hoofe;30903076051;vhoofei@loc.gov;12345696
20;Jenna;Cundy;71073693682;jcundyj@census.gov;12345697
21;Roze;Bewicke;97227934806;rbewickek@gov.uk;12345698
22;Lolly;Scollan;48521903172;lscollanl@ustream.tv;12345699
23;Gerek;Baglin;98356213288;gbaglinm@facebook.com;12345700
24;Hugues;Pettinger;19446608181;hpettingern@springer.com;12345701
25;Xenos;Roaf;58943570325;xroafo@ifeng.com;12345702
26;Hedy;Daskiewicz;71645079047;hdaskiewiczp@theglobeandmail.com;12345703
27;Kendall;Alcorn;62530885466;kalcornq@marriott.com;12345704
28;Nikolos;Stroulger;44346945499;nstroulgerr@latimes.com;12345705
29;Ilene;Radclyffe;41914387591;iradclyffes@miitbeian.gov.cn;12345706
30;Nanice;Ludgate;31406505823;nludgatet@desdev.cn;12345707
31;Tania;Tudgay;89693829881;ttudgayu@slideshare.net;12345708
32;Nerta;Haward;16808755165;nhawardv@google.ca;12345709
33;Zeb;Guiel;97719902358;zguielw@vk.com;12345710
34;Cly;Mulvey;97448555004;cmulveyx@free.fr;12345711
35;Lodovico;Crudgington;14112939204;lcrudgingtony@ameblo.jp;12345712
36;Delmar;Mulford;13642675969;dmulfordz@comsenz.com;12345713
37;Alva;Whales;17817776291;awhales10@google.co.uk;12345714
38;Dyann;Kluge;34781407418;dkluge11@xrea.com;12345715
39;Yvette;Gosson;37426564197;ygosson12@slideshare.net;12345716
40;Ettie;Londer;26228323560;elonder13@craigslist.org;12345717
41;Amory;Chiese;41511174287;achiese14@icio.us;12345718
42;Athena;Bassett;77496625437;abassett15@a8.net;12345719
43;Gussie;Whettleton;25709568841;gwhettleton16@netscape.com;12345720
44;Dilly;Vanyatin;40775706208;dvanyatin17@cpanel.net;12345721
45;Cassandry;Hembery;41190003620;chembery18@digg.com;12345722
46;Aubree;King;59650286479;aking19@hatena.ne.jp;12345723
47;Garreth;Capes;76131943768;gcapes1a@globo.com;12345724
48;Leia;Cohen;23040947311;lcohen1b@skyrock.com;12345725
49;Jedediah;Charlesworth;38641422492;jcharlesworth1c@oakley.com;12345726
50;Cordell;Aneley;53496992437;caneley1d@desdev.cn;12345727
51;Concordia;Bansal;55101882968;cbansal1e@accuweather.com;12345728
52;Fabian;Skough;48217525726;fskough1f@google.pl;12345729
53;Maitilde;Savine;15292972286;msavine1g@phpbb.com;12345730
54;Michaela;Samsin;16064326594;msamsin1h@hubpages.com;12345731
55;Leandra;Geering;77322196030;lgeering1i@vk.com;12345732
56;Ewan;Tremmil;69668863142;etremmil1j@nhs.uk;12345733
57;Sayer;McIntee;98753472029;smcintee1k@cloudflare.com;12345734
58;Agustin;Ambroz;66960946162;aambroz1l@biblegateway.com;12345735
59;Wilmer;Keddey;47248028654;wkeddey1m@cam.ac.uk;12345736
60;Odelle;Skoggings;29874026707;oskoggings1n@123-reg.co.uk;12345737
61;Nancey;Hugnot;84786405692;nhugnot1o@shutterfly.com;12345738
62;Caren;Pellingar;16530683556;cpellingar1p@psu.edu;12345739
63;Sukey;Orrey;51583147326;sorrey1q@soundcloud.com;12345740
64;Emelina;Ritmeier;53780428277;eritmeier1r@mail.ru;12345741
65;Cly;Wadsworth;88088098883;cwadsworth1s@drupal.org;12345742
66;Willie;Hearon;25068547447;whearon1t@rediff.com;12345743
67;Kameko;Skone;19965238857;kskone1u@guardian.co.uk;12345744
68;Corliss;Daldan;38232431466;cdaldan1v@webs.com;12345745
69;Wandis;Walbrun;40428241955;wwalbrun1w@indiegogo.com;12345746
70;Rhianna;Reggler;59424563294;rreggler1x@marketwatch.com;12345747
71;Paule;Ackermann;56554527016;packermann1y@seesaa.net;12345748
72;Benni;McTeer;91497223710;bmcteer1z@i2i.jp;12345749
73;Sela;Spyvye;75486139850;sspyvye20@xing.com;12345750
74;Tildi;Sewill;59947191108;tsewill21@artisteer.com;12345751
75;Scotti;Terbeck;92520562043;sterbeck22@wix.com;12345752
76;Adeline;Connechie;83759440326;aconnechie23@nytimes.com;12345753
77;Selia;Castangia;70646287496;scastangia24@hud.gov;12345754
78;Meghan;Molian;78828911761;mmolian25@prnewswire.com;12345755
79;Lionel;Coaten;32001431485;lcoaten26@e-recht24.de;12345756
80;Aidan;Byllam;20497440407;abyllam27@skype.com;12345757
81;Hynda;Milington;78749453138;hmilington28@bbc.co.uk;12345758
82;Cheston;Godsil;53034391970;cgodsil29@ucoz.com;12345759
83;Erin;Coulsen;20936659007;ecoulsen2a@altervista.org;12345760
84;Fielding;McGuiney;80692934054;fmcguiney2b@pagesperso-orange.fr;12345761
85;Ernaline;Noddings;29825510199;enoddings2c@theatlantic.com;12345762
86;Amabel;Ambrois;71848740869;aambrois2d@live.com;12345763
87;Basia;Clarson;44426208277;bclarson2e@netscape.com;12345764
88;Lisette;Lawtey;43208973095;llawtey2f@github.com;12345765
89;Coriss;Sessuns;96336639700;csessuns2g@jalbum.net;12345766
90;Aindrea;Schenfisch;46349435251;aschenfisch2h@nbcnews.com;12345767
91;Kimberley;Ramsbotham;98430768721;kramsbotham2i@cafepress.com;12345768
92;Jane;Inkin;35322257320;jinkin2j@ihg.com;12345769
93;Sol;Connop;29535527378;sconnop2k@flickr.com;12345770
94;Randi;Cockings;42034644123;rcockings2l@liveinternet.ru;12345771
95;Scarlett;Vasilov;89857318703;svasilov2m@si.edu;12345772
96;Dalston;Nerheny;28961250165;dnerheny2n@chicagotribune.com;12345773
97;Moyna;Acomb;18371849927;macomb2o@yellowpages.com;12345774
98;Ulrica;Heffron;29226638612;uheffron2p@netvibes.com;12345775
99;Kerry;Mackie;93717039820;kmackie2q@delicious.com;12345776
100;Lissie;Oldis;37980071499;loldis2r@java.com;12345777
101;Antonia;Mingauld;77670073878;amingauld2s@businessinsider.com;12345778
102;Salmon;Sweetland;69625669093;ssweetland2t@ezinearticles.com;12345779
103;Krissy;Clarage;46566597220;kclarage2u@freewebs.com;12345780
104;Bowie;Hounsome;54796397690;bhounsome2v@github.io;12345781
105;Ingamar;Livoir;48677255320;ilivoir2w@skyrock.com;12345782
106;Shelby;Skeats;24619608305;sskeats2x@wp.com;12345783
107;Edgar;Kira;95617592491;ekira2y@youtube.com;12345784
108;Olly;Kither;91801908047;okither2z@xrea.com;12345785
109;Yetta;Merring;62687951361;ymerring30@house.gov;12345786
110;Nicky;Clunie;17659141509;nclunie31@economist.com;12345787
111;Sumner;Gamett;94253667289;sgamett32@nytimes.com;12345788
112;Cosette;Kopp;50092803018;ckopp33@vimeo.com;12345789
113;Drona;Conboy;39136524196;dconboy34@blog.com;12345790
114;Dimitri;Jovicic;23740604803;djovicic35@youtu.be;12345791
115;Stern;Tidey;81615824821;stidey36@histats.com;12345792
116;Fran;Glenton;43476786811;fglenton37@skype.com;12345793
117;Witty;Petett;83401021444;wpetett38@amazon.de;12345794
118;Carly;D'Angeli;38232394044;cdangeli39@who.int;12345795
119;Malena;Gulliman;65190416369;mgulliman3a@sohu.com;12345796
120;Millisent;Brocklesby;34463055225;mbrocklesby3b@163.com;12345797
121;Svend;Thecham;77660947974;sthecham3c@umich.edu;12345798
122;Chloe;Sargant;81243987767;csargant3d@spotify.com;12345799
123;Romona;Lemonby;75694357349;rlemonby3e@miitbeian.gov.cn;12345800
124;Vinson;Winram;96439447117;vwinram3f@1688.com;12345801
125;Esme;Clew;19176647683;eclew3g@shareasale.com;12345802
126;Marjory;Busk;33223151078;mbusk3h@blogs.com;12345803
127;Layton;Younger;82977784711;lyounger3i@lulu.com;12345804
128;Frederick;Duquesnay;21643825279;fduquesnay3j@taobao.com;12345805
129;Alie;Heakins;36024540767;aheakins3k@irs.gov;12345806
130;Karilynn;Pavlovic;47109044623;kpavlovic3l@jiathis.com;12345807
131;Adriane;Marcu;53779870993;amarcu3m@hexun.com;12345808
132;Pace;Dameisele;54265311704;pdameisele3n@blogspot.com;12345809
133;Alessandra;Easby;42846699475;aeasby3o@cmu.edu;12345810
134;Fielding;Semper;37496139989;fsemper3p@globo.com;12345811
135;Miran;Forri;88464148002;mforri3q@bbc.co.uk;12345812
136;Mariana;O'Kinedy;38821723878;mokinedy3r@google.com;12345813
137;Cathrin;Todd;64993869256;ctodd3s@seattletimes.com;12345814
138;Desmund;Ronan;40955288811;dronan3t@dion.ne.jp;12345815
139;Tobie;Camsey;14619494311;tcamsey3u@howstuffworks.com;12345816
140;Jaine;Dell;18743089972;jdell3v@csmonitor.com;12345817
141;Frazier;Eagland;50449150587;feagland3w@pcworld.com;12345818
142;Wyn;Rowswell;85362112643;wrowswell3x@usnews.com;12345819
143;Wakefield;Custy;59321078499;wcusty3y@vimeo.com;12345820
144;Gill;Ducket;72920613347;gducket3z@princeton.edu;12345821
145;Adriana;Ovesen;75175672434;aovesen40@topsy.com;12345822
146;Adrian;Faulkes;91343236885;afaulkes41@dion.ne.jp;12345823
147;Maureen;McCormack;45951490592;mmccormack42@wikipedia.org;12345824
148;Hyacinthia;Mennithorp;52445305583;hmennithorp43@nydailynews.com;12345825
149;Kiel;Lago;91893008918;klago44@geocities.jp;12345826
150;Jecho;Ironmonger;37950668998;jironmonger45@xinhuanet.com;12345827
151;Minny;Melmar;89219899831;mmelmar46@booking.com;12345828
152;Marline;Redding;49911396541;mredding47@examiner.com;12345829
153;Helaine;Dowbiggin;33617059888;hdowbiggin48@cocolog-nifty.com;12345830
154;Cleavland;Gravell;14917926708;cgravell49@slate.com;12345831
155;Darrin;Wiltshire;83930460033;dwiltshire4a@devhub.com;12345832
156;Averil;Arend;18078816132;aarend4b@shop-pro.jp;12345833
157;Andros;Rhodus;90281738074;arhodus4c@msu.edu;12345834
158;Phillis;Baniard;20312298284;pbaniard4d@comsenz.com;12345835
159;Lorianna;Dennis;85980557230;ldennis4e@moonfruit.com;12345836
160;Patty;Rodbourne;39525683481;prodbourne4f@adobe.com;12345837
161;Marin;Firle;99945189038;mfirle4g@va.gov;12345838
162;Franny;Dorant;87199770328;fdorant4h@wiley.com;12345839
163;Allys;Cranny;43508713845;acranny4i@blogtalkradio.com;12345840
164;Cosette;Plumb;66473651540;cplumb4j@hugedomains.com;12345841
165;Nonah;La Padula;28678579337;nlapadula4k@yolasite.com;12345842
166;Cherey;Guiu;68953701478;cguiu4l@sciencedirect.com;12345843
167;Trumann;Houten;54413903047;thouten4m@twitpic.com;12345844
168;Frankie;Filipczynski;89369034413;ffilipczynski4n@unblog.fr;12345845
169;Willy;Tomasek;47269278915;wtomasek4o@bbc.co.uk;12345846
170;Nariko;Lamberto;11403124900;nlamberto4p@guardian.co.uk;12345847
171;Chadwick;McVrone;20408196694;cmcvrone4q@indiatimes.com;12345848
172;Minor;Worgen;20610597470;mworgen4r@netscape.com;12345849
173;Haslett;Taylorson;77161316180;htaylorson4s@edublogs.org;12345850
174;Agata;Hamberston;72286119317;ahamberston4t@google.nl;12345851
175;Cindelyn;Sweetsur;62282348603;csweetsur4u@altervista.org;12345852
176;Shanta;Sanders;38946709003;ssanders4v@marketwatch.com;12345853
177;Halli;McAusland;73673918621;hmcausland4w@china.com.cn;12345854
178;Martin;Gittens;16246586519;mgittens4x@eventbrite.com;12345855
179;Dolf;Dalwood;76231102263;ddalwood4y@umich.edu;12345856
180;Skipton;Colles;63130638437;scolles4z@businesswire.com;12345857
181;Alina;Schriren;42284269242;aschriren50@independent.co.uk;12345858
182;Finn;Rosoni;50782368549;frosoni51@seesaa.net;12345859
183;Burke;Sothern;35476538243;bsothern52@geocities.com;12345860
184;Kori;Traher;18138330161;ktraher53@quantcast.com;12345861
185;Monty;Andrichuk;89300471682;mandrichuk54@newyorker.com;12345862
186;Austin;Venmore;29221090525;avenmore55@networksolutions.com;12345863
187;Justen;Peteri;75012675774;jpeteri56@japanpost.jp;12345864
188;Rosita;Goretti;20670759557;rgoretti57@ustream.tv;12345865
189;Konstance;Machel;56978207700;kmachel58@mozilla.org;12345866
190;Maressa;Paddy;31625674995;mpaddy59@deviantart.com;12345867
191;Dorice;Camsey;52727379006;dcamsey5a@youtu.be;12345868
192;Fairlie;Jaslem;75132496715;fjaslem5b@redcross.org;12345869
193;Kellia;Becket;95063793798;kbecket5c@spotify.com;12345870
194;Zebadiah;Maruska;39564791454;zmaruska5d@irs.gov;12345871
195;Linoel;Edgerton;19657787530;ledgerton5e@pcworld.com;12345872
196;Oona;Grima;70400911490;ogrima5f@ning.com;12345873
197;Betteann;Brixey;47567898346;bbrixey5g@ycombinator.com;12345874
198;Nicolas;Collar;42810200823;ncollar5h@geocities.jp;12345875
199;Crosby;McClancy;85885596185;cmcclancy5i@myspace.com;12345876
200;Mal;Bone;64667112514;mbone5j@issuu.com;12345877
201;Olly;Scolland;18146296469;oscolland5k@bbb.org;12345878
202;Arlen;Lackham;71332925959;alackham5l@cnet.com;12345879
203;Tobi;Hockell;61726150765;thockell5m@newyorker.com;12345880
204;Burton;Barrell;53376641948;bbarrell5n@bbb.org;12345881
205;Sandie;Bontine;13752879718;sbontine5o@yahoo.co.jp;12345882
206;Cathe;McKitterick;79558771975;cmckitterick5p@bizjournals.com;12345883
207;Timotheus;Dusting;27586625720;tdusting5q@youtube.com;12345884
208;Marietta;Dyne;23913260785;mdyne5r@sohu.com;12345885
209;Helga;Andreoletti;24931362378;handreoletti5s@storify.com;12345886
210;Caresa;Sidwick;36548901472;csidwick5t@dmoz.org;12345887
211;Phillida;Tait;14914344070;ptait5u@mysql.com;12345888
212;Ferdy;Sprackling;84870826034;fsprackling5v@unesco.org;12345889
213;Orren;Panichelli;34820216977;opanichelli5w@wikia.com;12345890
214;Peter;Boriston;75779931140;pboriston5x@hexun.com;12345891
215;Lutero;Sissot;55885148842;lsissot5y@yolasite.com;12345892
216;Constancy;McFetrich;13545415994;cmcfetrich5z@washington.edu;12345893
217;Prudence;Beelby;74748269638;pbeelby60@slideshare.net;12345894
218;Francene;Gifkins;83046769737;fgifkins61@vk.com;12345895
219;Hermione;Alejandre;38972221412;halejandre62@youtube.com;12345896
220;Dela;Linfoot;98249037306;dlinfoot63@hp.com;12345897
221;Fenelia;Sabbin;45476299509;fsabbin64@netscape.com;12345898
222;Guillema;Harby;40908074992;gharby65@dagondesign.com;12345899
223;Arri;Tracy;93460419452;atracy66@vinaora.com;12345900
224;Fonzie;Duffin;50654199800;fduffin67@webs.com;12345901
225;Manolo;Barnewall;73404275694;mbarnewall68@moonfruit.com;12345902
226;Kevin;Heavyside;49230912314;kheavyside69@irs.gov;12345903
227;Anetta;Lemmens;79460163783;alemmens6a@ebay.com;12345904
228;Torin;Rotherforth;13364166686;trotherforth6b@nyu.edu;12345905
229;Spence;Glencrosche;50221491619;sglencrosche6c@cbsnews.com;12345906
230;Krystyna;Trump;33436472425;ktrump6d@forbes.com;12345907
231;Wenona;Beadnall;20377115377;wbeadnall6e@flickr.com;12345908
232;Leora;Minghella;54440480890;lminghella6f@vistaprint.com;12345909
233;Odessa;Borthram;12131043877;oborthram6g@about.com;12345910
234;Brock;Franklyn;54783792464;bfranklyn6h@51.la;12345911
235;Millie;Lyes;59822930497;mlyes6i@nationalgeographic.com;12345912
236;Sophronia;Baniard;57078348712;sbaniard6j@printfriendly.com;12345913
237;Ingemar;Baunton;76229503301;ibaunton6k@friendfeed.com;12345914
238;Larisa;Rochester;83368355046;lrochester6l@comcast.net;12345915
239;Prue;Sleit;77518180800;psleit6m@over-blog.com;12345916
240;Bev;Dach;48606210755;bdach6n@networkadvertising.org;12345917
241;Bernice;Derges;86856161807;bderges6o@clickbank.net;12345918
242;Alicea;Broadfoot;18825039508;abroadfoot6p@adobe.com;12345919
243;Delmer;Turley;55593160877;dturley6q@princeton.edu;12345920
244;Lorette;Mcettrick;52977898192;lmcettrick6r@weather.com;12345921
245;Cornie;Da Costa;46785710233;cdacosta6s@hatena.ne.jp;12345922
246;Neddie;Yellowley;85274585582;nyellowley6t@illinois.edu;12345923
247;Erie;McFade;13800586510;emcfade6u@dagondesign.com;12345924
248;Peder;Frisel;38529894878;pfrisel6v@discuz.net;12345925
249;Bord;Foan;31957953645;bfoan6w@pagesperso-orange.fr;12345926
250;Frannie;MacCaughey;17157975380;fmaccaughey6x@howstuffworks.com;12345927
251;Kath;Cornil;20956105796;kcornil6y@economist.com;12345928
252;Rachelle;Worrall;34006574038;rworrall6z@amazon.co.uk;12345929
253;Ulrikaumeko;Coweuppe;79378736818;ucoweuppe70@tinyurl.com;12345930
254;Darlleen;Deering;84482728525;ddeering71@ameblo.jp;12345931
255;Emmy;Terbeek;70639947554;eterbeek72@newyorker.com;12345932
256;Adrianna;Kenford;31168737963;akenford73@flavors.me;12345933
257;Tyrus;Flintoff;28178620120;tflintoff74@microsoft.com;12345934
258;Alyosha;Fanthom;78315049627;afanthom75@mashable.com;12345935
259;Marylinda;Dymock;76513808987;mdymock76@cdbaby.com;12345936
260;Jarad;Gorini;63032679910;jgorini77@blogtalkradio.com;12345937
261;Lily;Mongenot;92161652535;lmongenot78@nationalgeographic.com;12345938
262;Alane;Stanfield;66596615696;astanfield79@seesaa.net;12345939
263;Wilmette;Masarrat;64356659493;wmasarrat7a@arstechnica.com;12345940
264;Pietro;Aingell;22121064589;paingell7b@reddit.com;12345941
265;Gabi;Christofides;55398210366;gchristofides7c@mozilla.com;12345942
266;Fayette;Rotte;72520525936;frotte7d@fastcompany.com;12345943
267;Belia;Dryburgh;71910084929;bdryburgh7e@multiply.com;12345944
268;Florenza;Spellard;27808405508;fspellard7f@businesswire.com;12345945
269;Waldon;Fairbourne;26184550412;wfairbourne7g@oracle.com;12345946
270;Welch;Haddrill;79955136509;whaddrill7h@dion.ne.jp;12345947
271;Vere;Spurden;97334068974;vspurden7i@nih.gov;12345948
272;Alwyn;Pennigar;52174297746;apennigar7j@chicagotribune.com;12345949
273;Andreas;Apple;78860018265;aapple7k@epa.gov;12345950
274;Claudian;Barstow;66925021360;cbarstow7l@home.pl;12345951
275;Quillan;MacIlwrick;11284766189;qmacilwrick7m@newsvine.com;12345952
276;Lorelle;Winchcomb;40946419124;lwinchcomb7n@umich.edu;12345953
277;Sallie;Aery;90085705436;saery7o@army.mil;12345954
278;Bertha;Sloam;61533158184;bsloam7p@merriam-webster.com;12345955
279;Blondie;Bankhurst;74442712879;bbankhurst7q@bizjournals.com;12345956
280;Clareta;Tythacott;33029872649;ctythacott7r@illinois.edu;12345957
281;Karina;Estcot;15389620651;kestcot7s@wordpress.com;12345958
282;Weston;Kilby;92023218997;wkilby7t@ezinearticles.com;12345959
283;Yolane;Gillino;26594319348;ygillino7u@list-manage.com;12345960
284;Cindi;Wind;74415526737;cwind7v@usgs.gov;12345961
285;Birgit;Feather;91559073656;bfeather7w@irs.gov;12345962
286;Dori;Nend;43994182405;dnend7x@comcast.net;12345963
287;Flo;Thicking;25468674087;fthicking7y@prnewswire.com;12345964
288;Caralie;Ciardo;24067219621;cciardo7z@hc360.com;12345965
289;Susanna;Shall;94755157139;sshall80@bravesites.com;12345966
290;Mar;Kamiyama;99601442042;mkamiyama81@samsung.com;12345967
291;Marna;Pothbury;13733310877;mpothbury82@meetup.com;12345968
292;Norri;Parmer;26325795670;nparmer83@homestead.com;12345969
293;Valene;Woodyer;56280205965;vwoodyer84@dmoz.org;12345970
294;Marya;Vickerstaff;17116388525;mvickerstaff85@jugem.jp;12345971
295;Morgana;Hulmes;19251263661;mhulmes86@google.de;12345972
296;Rosmunda;Eiler;73628432169;reiler87@de.vu;12345973
297;Eartha;Oade;77376874520;eoade88@addtoany.com;12345974
298;Durward;Corradino;71496669233;dcorradino89@twitter.com;12345975
299;Lambert;Mordin;71124861637;lmordin8a@deliciousdays.com;12345976
300;Connie;Headon;89197594392;cheadon8b@blog.com;12345977
301;Ibby;Chittock;22456901814;ichittock8c@marketwatch.com;12345978
302;Alphard;Almack;59855192792;aalmack8d@ifeng.com;12345979
303;Garvey;Simounet;29476680158;gsimounet8e@infoseek.co.jp;12345980
304;Eddy;Lanphere;59809504365;elanphere8f@tripadvisor.com;12345981
305;Lurleen;Dunbabin;46153937210;ldunbabin8g@ycombinator.com;12345982
306;Sidney;Schollar;11672753598;sschollar8h@infoseek.co.jp;12345983
307;Davy;McKaile;22877926677;dmckaile8i@omniture.com;12345984
308;Granny;Vaune;43303093300;gvaune8j@reddit.com;12345985
309;Reeba;Sharkey;94660926387;rsharkey8k@cnet.com;12345986
310;Colette;Hens;44778278789;chens8l@prnewswire.com;12345987
311;Fanni;Varah;97049218458;fvarah8m@webmd.com;12345988
312;Bill;Innocent;53307026523;binnocent8n@slate.com;12345989
313;Nichols;Seemmonds;26911691016;nseemmonds8o@biblegateway.com;12345990
314;Gillian;Crawshay;25083361416;gcrawshay8p@over-blog.com;12345991
315;Gabrila;Undrell;56167039930;gundrell8q@sina.com.cn;12345992
316;Umeko;Baile;53363763749;ubaile8r@thetimes.co.uk;12345993
317;Alyosha;Reyner;34428701990;areyner8s@istockphoto.com;12345994
318;Grenville;Tackley;14001049270;gtackley8t@umn.edu;12345995
319;Lola;Stainbridge;34324292157;lstainbridge8u@washingtonpost.com;12345996
320;Arabel;Buttrey;41481659108;abuttrey8v@sfgate.com;12345997
321;Franchot;Philipsen;83221584154;fphilipsen8w@dot.gov;12345998
322;Goldie;Sawdy;10808189280;gsawdy8x@senate.gov;12345999
323;Vladamir;Yearns;64383624625;vyearns8y@google.ca;12346000
324;Carlye;Stempe;78291981760;cstempe8z@amazon.co.jp;12346001
325;Daryl;Beams;26057672332;dbeams90@spotify.com;12346002
326;Maddy;Vanyarkin;39229675831;mvanyarkin91@amazon.co.uk;12346003
327;Miller;Knibb;51749412921;mknibb92@narod.ru;12346004
328;Melvyn;Blankman;36513498973;mblankman93@earthlink.net;12346005
329;Randa;Bilson;60021956815;rbilson94@hud.gov;12346006
330;Orton;McGraw;16217685430;omcgraw95@jalbum.net;12346007
331;Nerty;Dommerque;83418856724;ndommerque96@nifty.com;12346008
332;Miltie;Livick;78184656112;mlivick97@printfriendly.com;12346009
333;Rhona;Plomer;37388852201;rplomer98@arstechnica.com;12346010
334;Felicity;Miguet;26622047375;fmiguet99@eepurl.com;12346011
335;Abbi;Philippart;92389002669;aphilippart9a@oracle.com;12346012
336;Elmore;Hews;73266390865;ehews9b@hubpages.com;12346013
337;Skelly;Braunton;17446799505;sbraunton9c@psu.edu;12346014
338;Nora;Osgerby;40877246101;nosgerby9d@squarespace.com;12346015
339;Peg;Bradnum;35586100220;pbradnum9e@twitpic.com;12346016
340;Jonas;Ritmeier;89875837120;jritmeier9f@nyu.edu;12346017
341;Clair;Pask;63477044354;cpask9g@youtu.be;12346018
342;Johnath;Myford;25434198529;jmyford9h@baidu.com;12346019
343;Joyce;Focke;83180928178;jfocke9i@answers.com;12346020
344;Win;Treasaden;22706992197;wtreasaden9j@chicagotribune.com;12346021
345;Tiffani;Lowensohn;56754040998;tlowensohn9k@typepad.com;12346022
346;Gav;Lehemann;93156614766;glehemann9l@ftc.gov;12346023
347;Becka;Mohamed;66825754252;bmohamed9m@mozilla.com;12346024
348;Hillie;Ferrini;68042960219;hferrini9n@elegantthemes.com;12346025
349;Elayne;Norker;33972117410;enorker9o@blogs.com;12346026
350;Tiena;Stoite;87919297717;tstoite9p@nbcnews.com;12346027
351;Laureen;Gutch;61240660450;lgutch9q@cmu.edu;12346028
352;Janice;Howford;42847763591;jhowford9r@wiley.com;12346029
353;Siegfried;Cleeve;77722854249;scleeve9s@youku.com;12346030
354;Dene;Benian;46819639651;dbenian9t@timesonline.co.uk;12346031
355;Nell;Chettle;49792742704;nchettle9u@ocn.ne.jp;12346032
356;Tadeas;Wilprecht;59512195128;twilprecht9v@livejournal.com;12346033
357;Bernarr;Schowenburg;96353118573;bschowenburg9w@intel.com;12346034
358;Isabelle;Bullick;88592841627;ibullick9x@house.gov;12346035
359;Mariellen;Chettle;47475554937;mchettle9y@symantec.com;12346036
360;Bevan;Oliva;69482164289;boliva9z@wordpress.com;12346037
361;Ermanno;MacPherson;91905089373;emacphersona0@liveinternet.ru;12346038
362;Hymie;Whyley;76160386104;hwhyleya1@cnet.com;12346039
363;Brooks;Mathely;99512719949;bmathelya2@pinterest.com;12346040
364;Zebulon;Mafham;85166234768;zmafhama3@tiny.cc;12346041
365;Erie;Pithcock;66274688119;epithcocka4@themeforest.net;12346042
366;Jenna;Craker;54368130448;jcrakera5@springer.com;12346043
367;Alon;Rioch;47311599238;ariocha6@telegraph.co.uk;12346044
368;Carlita;Matchell;98746941232;cmatchella7@imdb.com;12346045
369;Marissa;Butterworth;88707931250;mbutterwortha8@state.gov;12346046
370;Janot;Wigsell;45126404075;jwigsella9@angelfire.com;12346047
371;Trish;Mulvenna;82240020645;tmulvennaaa@marketwatch.com;12346048
372;Babara;De Angelis;44801229156;bdeangelisab@biblegateway.com;12346049
373;Ginny;Giottoi;56452842215;ggiottoiac@i2i.jp;12346050
374;Loutitia;Werrilow;50875062253;lwerrilowad@tumblr.com;12346051
375;Carlin;Grundon;38837009810;cgrundonae@paginegialle.it;12346052
376;Gerianna;Northridge;22533625788;gnorthridgeaf@businessinsider.com;12346053
377;Rodd;Maith;50652010664;rmaithag@wikia.com;12346054
378;Sayres;Hyndman;81808848755;shyndmanah@angelfire.com;12346055
379;Dana;Cowan;25682213571;dcowanai@ft.com;12346056
380;Matti;MacArd;18208664000;mmacardaj@bravesites.com;12346057
381;Danika;Plaistowe;45404338863;dplaistoweak@wisc.edu;12346058
382;Lind;Oldman;50295667309;loldmanal@vinaora.com;12346059
383;Briney;MacArthur;21727339121;bmacarthuram@baidu.com;12346060
384;Ange;Kauble;39704017099;akaublean@amazonaws.com;12346061
385;Brnaby;Magovern;10235461621;bmagovernao@dailymail.co.uk;12346062
386;Delphine;Critcher;92932400450;dcritcherap@rediff.com;12346063
387;Fara;McAlindon;99195259979;fmcalindonaq@typepad.com;12346064
388;Georas;Hakonsson;29555528593;ghakonssonar@home.pl;12346065
389;Reinold;Shrive;96253122482;rshriveas@cam.ac.uk;12346066
390;Maury;Kellett;30066951470;mkellettat@bloomberg.com;12346067
391;Trenna;Zanioletti;62378583887;tzaniolettiau@state.tx.us;12346068
392;Dixie;Pervew;71757690696;dpervewav@unicef.org;12346069
393;Lorita;Rusbridge;89938103983;lrusbridgeaw@latimes.com;12346070
394;Cornie;Caplen;59425576250;ccaplenax@ox.ac.uk;12346071
395;Sophronia;Tassaker;74554389905;stassakeray@over-blog.com;12346072
396;Garik;Crielly;85065853442;gcriellyaz@java.com;12346073
397;Stewart;Baulk;20457502768;sbaulkb0@senate.gov;12346074
398;Aylmar;Claire;88312561254;aclaireb1@reddit.com;12346075
399;Melly;Losty;56460362551;mlostyb2@ameblo.jp;12346076
400;Andy;Semrad;71404594128;asemradb3@themeforest.net;12346077
401;Maggi;Raywood;24876805726;mraywoodb4@gnu.org;12346078
402;Willetta;Rousby;28568836288;wrousbyb5@google.fr;12346079
403;Courtenay;Gilluley;95245475707;cgilluleyb6@hibu.com;12346080
404;Flossi;Tampin;66402439791;ftampinb7@unicef.org;12346081
405;Kaylyn;O'Hederscoll;58558635701;kohederscollb8@people.com.cn;12346082
406;Ara;Jossum;89057788801;ajossumb9@who.int;12346083
407;Elmore;Battyll;56275170137;ebattyllba@kickstarter.com;12346084
408;Alina;Shankle;54729082474;ashanklebb@live.com;12346085
409;Carlita;Nolli;81678831035;cnollibc@liveinternet.ru;12346086
410;Stefania;Joanic;54554877052;sjoanicbd@forbes.com;12346087
411;Danita;Maypes;73341005292;dmaypesbe@nih.gov;12346088
412;Doris;Ruprich;40584285418;druprichbf@guardian.co.uk;12346089
413;Valeda;Kirrens;87623023687;vkirrensbg@bloglines.com;12346090
414;Abner;Minkin;52925878548;aminkinbh@ustream.tv;12346091
415;Ingeborg;Oxx;25063451492;ioxxbi@webnode.com;12346092
416;Gnni;Dimont;26428331374;gdimontbj@amazon.de;12346093
417;Gerhardine;Dootson;43797944451;gdootsonbk@nsw.gov.au;12346094
418;Phebe;Cauldwell;58409837529;pcauldwellbl@tripadvisor.com;12346095
419;Cullan;Lugden;25181931001;clugdenbm@utexas.edu;12346096
420;Danell;Nijs;65206769106;dnijsbn@printfriendly.com;12346097
421;Margy;Gooke;91075538794;mgookebo@ifeng.com;12346098
422;Kizzie;Treslove;81173534293;ktreslovebp@phoca.cz;12346099
423;Moises;Jeens;98308246435;mjeensbq@surveymonkey.com;12346100
424;Annetta;Geering;44495907031;ageeringbr@nsw.gov.au;12346101
425;Leonerd;Emson;15897494635;lemsonbs@blogger.com;12346102
426;Harmony;Ingerfield;27160140746;hingerfieldbt@bizjournals.com;12346103
427;Lynnell;Champe;95868149089;lchampebu@ucsd.edu;12346104
428;Paulette;Lindenman;39851378543;plindenmanbv@topsy.com;12346105
429;Rem;Adamec;14707940287;radamecbw@marketwatch.com;12346106
430;Hebert;Jeanesson;98013754944;hjeanessonbx@ehow.com;12346107
431;Dwight;Pennell;32537776967;dpennellby@noaa.gov;12346108
432;Stormy;Kearns;95839111893;skearnsbz@about.com;12346109
433;Jazmin;Keddle;14116717058;jkeddlec0@blog.com;12346110
434;Cathie;Stickney;36537648989;cstickneyc1@icio.us;12346111
435;Lucinda;Rutherford;48396223990;lrutherfordc2@irs.gov;12346112
436;Garth;Nellies;11945842560;gnelliesc3@lulu.com;12346113
437;Torie;MacPherson;40028871761;tmacphersonc4@com.com;12346114
438;Eloise;Pietersen;12166853028;epietersenc5@flavors.me;12346115
439;Spenser;Synder;57015802298;ssynderc6@1688.com;12346116
440;Melinde;Korba;17566672472;mkorbac7@bluehost.com;12346117
441;Isidro;Haliday;68831744089;ihalidayc8@wikipedia.org;12346118
442;Sioux;Wixey;18792926060;swixeyc9@jugem.jp;12346119
443;Emmalynn;Hardbattle;29924937609;ehardbattleca@archive.org;12346120
444;Rodger;Klimus;17046836015;rklimuscb@fc2.com;12346121
445;Tera;Lilburne;37288569522;tlilburnecc@youtube.com;12346122
446;Vlad;Lanning;77964865828;vlanningcd@rakuten.co.jp;12346123
447;Simonette;Myall;87634372165;smyallce@bloomberg.com;12346124
448;Esmeralda;Fivey;39518611849;efiveycf@tripod.com;12346125
449;Sophi;Jesper;15213851467;sjespercg@edublogs.org;12346126
450;Dasi;Mynard;53568427099;dmynardch@godaddy.com;12346127
451;Nadeen;Carlsson;68618116362;ncarlssonci@irs.gov;12346128
452;Jorie;Riolfo;86714205350;jriolfocj@nih.gov;12346129
453;Edie;Adriano;31027539338;eadrianock@cargocollective.com;12346130
454;Frants;Ciobotaro;99646633044;fciobotarocl@imageshack.us;12346131
455;Brittni;Coller;18812955757;bcollercm@cbc.ca;12346132
456;Marcela;Glusby;26024471353;mglusbycn@tumblr.com;12346133
457;Ethyl;McGilvray;78003162904;emcgilvrayco@mashable.com;12346134
458;Peterus;Anthoney;68240658974;panthoneycp@irs.gov;12346135
459;Foster;Revie;91934330457;freviecq@taobao.com;12346136
460;Miles;Formie;55923858163;mformiecr@weebly.com;12346137
461;Tremayne;Grinnikov;10588602876;tgrinnikovcs@npr.org;12346138
462;Karyn;Yurov;21790052967;kyurovct@redcross.org;12346139
463;Dalli;Gooda;19248494150;dgoodacu@homestead.com;12346140
464;Tess;Fiddiman;43875865164;tfiddimancv@nydailynews.com;12346141
465;Tally;Falkous;30450763090;tfalkouscw@comsenz.com;12346142
466;Puff;Raincin;97741164887;praincincx@discuz.net;12346143
467;Garret;Fairhall;59611858113;gfairhallcy@nymag.com;12346144
468;Cathleen;Hartness;57364159422;chartnesscz@studiopress.com;12346145
469;Lucian;Hadaway;76921308573;lhadawayd0@usda.gov;12346146
470;Darla;O'Shaughnessy;34273761189;doshaughnessyd1@freewebs.com;12346147
471;Dorice;Oatley;15627573224;doatleyd2@altervista.org;12346148
472;Yalonda;Dellenbroker;62767522372;ydellenbrokerd3@guardian.co.uk;12346149
473;Glynnis;Preddle;44409812955;gpreddled4@lycos.com;12346150
474;Anya;Chandlar;36485518633;achandlard5@goo.gl;12346151
475;Cornela;Titmarsh;85369684008;ctitmarshd6@slideshare.net;12346152
476;Riordan;Greenlies;91395057320;rgreenliesd7@blog.com;12346153
477;Brittaney;Edens;27201077906;bedensd8@gizmodo.com;12346154
478;Konstantin;Brister;97453259062;kbristerd9@npr.org;12346155
479;Ansel;Pantry;76118323345;apantryda@jalbum.net;12346156
480;Conny;Yeoman;84233290732;cyeomandb@sphinn.com;12346157
481;Prudy;Knowller;95625496829;pknowllerdc@altervista.org;12346158
482;Ashley;Bussey;16981204590;abusseydd@wp.com;12346159
483;Marina;Millward;44249842483;mmillwardde@goo.gl;12346160
484;Dedra;Purves;75856583392;dpurvesdf@newsvine.com;12346161
485;Shara;Frammingham;10188812944;sframminghamdg@technorati.com;12346162
486;Darill;Alders;73923254244;daldersdh@hostgator.com;12346163
487;Waneta;Akester;58811094532;wakesterdi@sakura.ne.jp;12346164
488;Kassie;Karpeev;93798230110;kkarpeevdj@gmpg.org;12346165
489;Evangeline;Walenta;85352023776;ewalentadk@jiathis.com;12346166
490;Oberon;Reimer;26174388504;oreimerdl@usnews.com;12346167
491;Leia;Matten;67817682983;lmattendm@npr.org;12346168
492;Dre;Renak;35690103944;drenakdn@paginegialle.it;12346169
493;Chick;Lickess;92565049194;clickessdo@jigsy.com;12346170
494;Michell;Leaver;56362387341;mleaverdp@quantcast.com;12346171
495;Davine;Denkin;99634568970;ddenkindq@fema.gov;12346172
496;Xenos;Lukacs;68635002876;xlukacsdr@msu.edu;12346173
497;Lizabeth;Chapell;71062558654;lchapellds@purevolume.com;12346174
498;Wally;Snoddin;46981296043;wsnoddindt@de.vu;12346175
499;Alessandra;Stefanovic;79198707576;astefanovicdu@earthlink.net;12346176
500;Aggi;Pandey;18839809052;apandeydv@harvard.edu;12346177
501;Cherida;Frede;14223826190;cfrededw@joomla.org;12346178
502;Reilly;Gai;76952755864;rgaidx@macromedia.com;12346179
503;Zitella;Faithfull;43501613994;zfaithfulldy@xing.com;12346180
504;Mead;Tennet;31488814115;mtennetdz@sciencedaily.com;12346181
505;Kile;Schout;97834109067;kschoute0@exblog.jp;12346182
506;Burl;Hearty;80750705018;bheartye1@constantcontact.com;12346183
507;Doria;Dies;70957861134;ddiese2@dmoz.org;12346184
508;Persis;Gorgler;16085982864;pgorglere3@yahoo.co.jp;12346185
509;Flossie;Huglin;37236453795;fhugline4@symantec.com;12346186
510;Denis;Lygoe;32382820709;dlygoee5@earthlink.net;12346187
511;Chiquita;Beinke;50762412181;cbeinkee6@yolasite.com;12346188
512;Dyann;Illesley;79854243807;dillesleye7@sogou.com;12346189
513;Goldie;Lawless;54256926236;glawlesse8@hao123.com;12346190
514;Vance;Pietruszewicz;84674699295;vpietruszewicze9@nhs.uk;12346191
515;Skelly;Borgnol;74680065863;sborgnolea@epa.gov;12346192
516;Howie;Wind;82544218221;hwindeb@unicef.org;12346193
517;Dougy;Autie;55759416833;dautieec@salon.com;12346194
518;Jolynn;Matisoff;92683321195;jmatisoffed@huffingtonpost.com;12346195
519;Carlie;Duddan;22529943839;cduddanee@pinterest.com;12346196
520;Mechelle;Ruslen;98195877130;mruslenef@mayoclinic.com;12346197
521;Jaye;Maskew;78008427872;jmaskeweg@cdbaby.com;12346198
522;Karel;Wermerling;83086170061;kwermerlingeh@icq.com;12346199
523;Malinde;January 1st;31284737261;mjanuarystei@ca.gov;12346200
524;Lothaire;Sheeran;77340230717;lsheeranej@intel.com;12346201
525;Rayshell;O'Meara;93766852501;romearaek@yandex.ru;12346202
526;Merill;Wiburn;93680055200;mwiburnel@java.com;12346203
527;Merrilee;Bradfield;50229812256;mbradfieldem@economist.com;12346204
528;Dilly;Andreichik;86427304883;dandreichiken@issuu.com;12346205
529;Wesley;Skocroft;70169321039;wskocrofteo@livejournal.com;12346206
530;Merv;Jina;94614042860;mjinaep@youku.com;12346207
531;Gwendolin;Horder;74681619088;ghordereq@google.pl;12346208
532;Deane;Rosten;88478749787;drostener@phoca.cz;12346209
533;Janette;Benjamin;84298684686;jbenjamines@godaddy.com;12346210
534;Sayre;Harrad;88985981810;sharradet@wikimedia.org;12346211
535;Halie;Lindsell;69772660886;hlindselleu@angelfire.com;12346212
536;Welsh;Rustman;78201517656;wrustmanev@mediafire.com;12346213
537;Theo;Martinek;84748424896;tmartinekew@nydailynews.com;12346214
538;Sidnee;Halleday;70911077871;shalledayex@sogou.com;12346215
539;Goober;Swinburn;59339365945;gswinburney@macromedia.com;12346216
540;Curcio;Hubbuck;68226581551;chubbuckez@forbes.com;12346217
541;Madge;Mosedill;13986488062;mmosedillf0@engadget.com;12346218
542;Jeramey;D'Oyly;83458926409;jdoylyf1@timesonline.co.uk;12346219
543;Genia;Weeds;22117086163;gweedsf2@hexun.com;12346220
544;Kerstin;Brou;64697995835;kbrouf3@plala.or.jp;12346221
545;Ellery;Pumphrey;18817753890;epumphreyf4@canalblog.com;12346222
546;Ebeneser;Self;48395748314;eselff5@gov.uk;12346223
547;Hilliard;Crichmer;15065121577;hcrichmerf6@zdnet.com;12346224
548;Markus;Catonnet;24349506885;mcatonnetf7@mayoclinic.com;12346225
549;Selinda;Cottu;63784722113;scottuf8@engadget.com;12346226
550;Petra;Huscroft;11517042824;phuscroftf9@reference.com;12346227
551;Dedie;Loadwick;39835210479;dloadwickfa@ovh.net;12346228
552;Camala;Giraldez;23364889856;cgiraldezfb@cafepress.com;12346229
553;Tripp;Jopling;89557668702;tjoplingfc@icq.com;12346230
554;Levon;Houseley;85766423235;lhouseleyfd@histats.com;12346231
555;Saunders;Bencher;22821771307;sbencherfe@unesco.org;12346232
556;Liza;Huonic;37074116872;lhuonicff@list-manage.com;12346233
557;Row;Logue;28021550768;rloguefg@twitpic.com;12346234
558;Hyman;Nichol;81721984768;hnicholfh@yellowbook.com;12346235
559;Jobyna;Tuckie;95045450342;jtuckiefi@bloomberg.com;12346236
560;Garald;Goolding;44225143836;ggooldingfj@usda.gov;12346237
561;Garrek;Revelle;83397377792;grevellefk@nytimes.com;12346238
562;Aristotle;Cruden;82149753422;acrudenfl@omniture.com;12346239
563;Karlie;Espy;37495207665;kespyfm@simplemachines.org;12346240
564;Wolfy;Gooley;92765172710;wgooleyfn@redcross.org;12346241
565;Henri;Stalf;80512150059;hstalffo@shop-pro.jp;12346242
566;Lefty;Hamlen;13981353124;lhamlenfp@360.cn;12346243
567;Pen;Salzberg;73602885654;psalzbergfq@google.com;12346244
568;Rica;Catchpole;18526910031;rcatchpolefr@upenn.edu;12346245
569;Osborn;Calderwood;98781286600;ocalderwoodfs@harvard.edu;12346246
570;Conney;Menendes;90278140343;cmenendesft@cargocollective.com;12346247
571;Beatriz;Frantzen;66223657728;bfrantzenfu@howstuffworks.com;12346248
572;Lusa;McDavid;51047752830;lmcdavidfv@fema.gov;12346249
573;Bridgette;Rothert;23594764109;brothertfw@vkontakte.ru;12346250
574;Thelma;Eltune;57137965014;teltunefx@joomla.org;12346251
575;Lukas;Truckell;53033405094;ltruckellfy@buzzfeed.com;12346252
576;Jeane;Ferrar;10167924203;jferrarfz@csmonitor.com;12346253
577;Maddy;Reditt;18242901813;mredittg0@census.gov;12346254
578;Carmita;McCahey;49081834520;cmccaheyg1@vimeo.com;12346255
579;Jacques;Wingrove;72032442172;jwingroveg2@opera.com;12346256
580;Conroy;Bromhead;82935396579;cbromheadg3@xing.com;12346257
581;Georgena;Dever;19911375397;gdeverg4@altervista.org;12346258
582;Agata;Keeffe;40383132894;akeeffeg5@yellowbook.com;12346259
583;Robenia;Matuszak;89279563045;rmatuszakg6@google.com.br;12346260
584;Shaun;Housaman;96267659289;shousamang7@google.it;12346261
585;Sax;Heathwood;16287596147;sheathwoodg8@bigcartel.com;12346262
586;Fremont;Colles;18696028618;fcollesg9@yale.edu;12346263
587;Cyb;Wagg;20320317533;cwaggga@ibm.com;12346264
588;Codie;Wigzell;18396987217;cwigzellgb@oakley.com;12346265
589;Jeanette;MacParland;43383745054;jmacparlandgc@multiply.com;12346266
590;Jacobo;Quan;12080554331;jquangd@edublogs.org;12346267
591;Shaylah;Govenlock;23620222456;sgovenlockge@loc.gov;12346268
592;Michele;Newdick;29058433799;mnewdickgf@1und1.de;12346269
593;Oralla;Diggin;48273208069;odiggingg@ovh.net;12346270
594;Garald;Ousby;19083459798;gousbygh@mail.ru;12346271
595;Federico;Gurry;26128634586;fgurrygi@earthlink.net;12346272
596;Merle;Darycott;31605211166;mdarycottgj@hhs.gov;12346273
597;Care;Blaisdell;54104495013;cblaisdellgk@oaic.gov.au;12346274
598;Gina;Westman;20908355270;gwestmangl@unblog.fr;12346275
599;Corrina;Risebarer;56508876856;crisebarergm@phoca.cz;12346276
600;Quint;Bartholomew;11472583664;qbartholomewgn@smh.com.au;12346277
601;Iosep;Mumbray;21776094442;imumbraygo@cisco.com;12346278
602;Kinnie;Dowey;22137399108;kdoweygp@last.fm;12346279
603;Kimberli;Savil;87948959181;ksavilgq@i2i.jp;12346280
604;Adelheid;Skeath;15512718083;askeathgr@cbslocal.com;12346281
605;Theressa;Behling;14402470278;tbehlinggs@washington.edu;12346282
606;Leone;Algore;25916822851;lalgoregt@4shared.com;12346283
607;Karita;Woolam;67948965151;kwoolamgu@biglobe.ne.jp;12346284
608;Gery;Lile;70622595464;glilegv@hibu.com;12346285
609;Hadley;Jankiewicz;43523644376;hjankiewiczgw@hao123.com;12346286
610;Frederigo;Grigsby;26101545416;fgrigsbygx@google.co.uk;12346287
611;Salome;Tunnock;22802060633;stunnockgy@phpbb.com;12346288
612;Lotta;MacGee;30320665880;lmacgeegz@chron.com;12346289
613;Korella;Sparshutt;78611829538;ksparshutth0@gizmodo.com;12346290
614;Mendy;Awde;22426589897;mawdeh1@storify.com;12346291
615;Darice;Melding;32221041917;dmeldingh2@tripadvisor.com;12346292
616;Cathe;Haggarty;24643047829;chaggartyh3@elpais.com;12346293
617;Edouard;Morkham;22864313639;emorkhamh4@github.io;12346294
618;Malynda;Findlay;22925403565;mfindlayh5@google.com.au;12346295
619;Miranda;Milkin;22330791835;mmilkinh6@e-recht24.de;12346296
620;Bo;MacAndrew;26832380134;bmacandrewh7@last.fm;12346297
621;Barbee;Assur;15255853646;bassurh8@ed.gov;12346298
622;Storm;Fillimore;49036909524;sfillimoreh9@fda.gov;12346299
623;Gil;Hurdiss;21402523383;ghurdissha@amazon.co.jp;12346300
624;Gusty;Favill;77095624238;gfavillhb@home.pl;12346301
625;Adela;Oliver;48693779993;aoliverhc@unicef.org;12346302
626;Shirline;Ascraft;50725676777;sascrafthd@bizjournals.com;12346303
627;Bernardina;Payfoot;65779696968;bpayfoothe@theglobeandmail.com;12346304
628;Nora;Pioch;24573922371;npiochhf@upenn.edu;12346305
629;Abel;Gumey;62989025209;agumeyhg@google.nl;12346306
630;Karl;Regis;95140114978;kregishh@wufoo.com;12346307
631;Eveleen;Lequeux;56269046735;elequeuxhi@foxnews.com;12346308
632;Chaddie;Newcombe;29430983369;cnewcombehj@mail.ru;12346309
633;Gwyneth;Dugdale;31268177411;gdugdalehk@dropbox.com;12346310
634;Davy;De Mico;35537352790;ddemicohl@nifty.com;12346311
635;Patrizio;Dubber;59488245604;pdubberhm@state.gov;12346312
636;Dorisa;Botham;85385566108;dbothamhn@stumbleupon.com;12346313
637;Knox;Bordessa;45888862955;kbordessaho@tiny.cc;12346314
638;Minnaminnie;Diplock;94112195484;mdiplockhp@sitemeter.com;12346315
639;Tiebout;Georgius;61503977967;tgeorgiushq@google.pl;12346316
640;Lisa;Gallaway;28499652892;lgallawayhr@taobao.com;12346317
641;Genny;Trotter;55705125459;gtrotterhs@tripod.com;12346318
642;Janeta;Lush;39951346228;jlushht@chron.com;12346319
643;Kile;Stealy;75446407696;kstealyhu@reference.com;12346320
644;Rivalee;Alvis;64594383225;ralvishv@si.edu;12346321
645;Rossy;Goudie;62341608251;rgoudiehw@buzzfeed.com;12346322
646;Teddie;Tiner;65744902202;ttinerhx@xinhuanet.com;12346323
647;Bat;Astling;65679353277;bastlinghy@bloglovin.com;12346324
648;Gerhardt;Castro;82817864160;gcastrohz@cloudflare.com;12346325
649;Lenka;Wank;40392511329;lwanki0@tamu.edu;12346326
650;Koren;Barham;34275571105;kbarhami1@sciencedaily.com;12346327
651;Jyoti;Ivashinnikov;10526322885;jivashinnikovi2@bravesites.com;12346328
652;Chrysler;Toovey;10120720236;ctooveyi3@yahoo.com;12346329
653;Northrop;Thireau;27883552665;nthireaui4@bbb.org;12346330
654;Sileas;Fleckney;89733984208;sfleckneyi5@hc360.com;12346331
655;Teri;Lyman;46153384820;tlymani6@harvard.edu;12346332
656;Dario;Choffin;51731216956;dchoffini7@apache.org;12346333
657;Alonzo;Lampen;50848614321;alampeni8@addtoany.com;12346334
658;Philippine;Gheerhaert;69601501527;pgheerhaerti9@cloudflare.com;12346335
659;Thibaut;Screeton;42023497737;tscreetonia@hexun.com;12346336
660;Amye;Jime;23808665046;ajimeib@apache.org;12346337
661;Valaria;Tunnacliffe;19245289394;vtunnacliffeic@amazon.de;12346338
662;Cicily;Ambrus;18222553418;cambrusid@delicious.com;12346339
663;Ingemar;Penddreth;36855368112;ipenddrethie@bloglines.com;12346340
664;Clemmie;Entreis;46352729841;centreisif@example.com;12346341
665;Roberto;Hamberstone;99970687134;rhamberstoneig@icq.com;12346342
666;Frederigo;Jaycox;19173709930;fjaycoxih@unesco.org;12346343
667;Yardley;Berry;15522558365;yberryii@chronoengine.com;12346344
668;Merle;Bader;20122697087;mbaderij@360.cn;12346345
669;Laura;Stanney;40782595005;lstanneyik@bloglines.com;12346346
670;Lena;Opie;79269931927;lopieil@nifty.com;12346347
671;Obediah;Toll;29913374327;otollim@vkontakte.ru;12346348
672;Ede;Hindshaw;52484366837;ehindshawin@skype.com;12346349
673;Terri;Colley;26350946324;tcolleyio@etsy.com;12346350
674;Cora;Alberti;65906668106;calbertiip@prnewswire.com;12346351
675;Web;Gibbins;96490528390;wgibbinsiq@surveymonkey.com;12346352
676;Malissa;Gori;78053013758;mgoriir@virginia.edu;12346353
677;Dirk;Samsworth;37536530086;dsamsworthis@sakura.ne.jp;12346354
678;Judi;Simnel;15504591255;jsimnelit@hubpages.com;12346355
679;Eada;Roony;34187847457;eroonyiu@uol.com.br;12346356
680;Ruprecht;Castellet;62228608487;rcastelletiv@adobe.com;12346357
681;Clayson;Littlepage;18130142272;clittlepageiw@mayoclinic.com;12346358
682;Clarice;Haggish;25048256022;chaggishix@sina.com.cn;12346359
683;Hillary;Lamp;24638725092;hlampiy@amazon.com;12346360
684;Lynnett;Jilkes;16034617556;ljilkesiz@blogs.com;12346361
685;Bobinette;Longstreet;92916150815;blongstreetj0@goo.ne.jp;12346362
686;Blondie;Tattersall;74992839631;btattersallj1@economist.com;12346363
687;Conroy;Billiard;19299082149;cbilliardj2@hugedomains.com;12346364
688;Sal;Geldeford;88443381926;sgeldefordj3@oaic.gov.au;12346365
689;Dominic;Caldero;19963651964;dcalderoj4@imageshack.us;12346366
690;Mead;Blench;88600287159;mblenchj5@hp.com;12346367
691;Ulrich;Davidovics;19725300420;udavidovicsj6@mysql.com;12346368
692;Kirstyn;Schwandermann;35738986474;kschwandermannj7@histats.com;12346369
693;Roselle;Wheelhouse;47179946329;rwheelhousej8@china.com.cn;12346370
694;Phaidra;Toderbrugge;31549179571;ptoderbruggej9@furl.net;12346371
695;Mathias;Tackett;92353407974;mtackettja@princeton.edu;12346372
696;Trula;Conahy;45765993448;tconahyjb@xinhuanet.com;12346373
697;Debor;Chown;39567838558;dchownjc@lulu.com;12346374
698;Corene;Oxlee;22182999126;coxleejd@liveinternet.ru;12346375
699;Hasheem;Drinkhill;72170717752;hdrinkhillje@ftc.gov;12346376
700;Codie;Hasel;92289499759;chaseljf@arstechnica.com;12346377
701;Chucho;Smallridge;15914963507;csmallridgejg@apple.com;12346378
702;Junie;Blakiston;47623384097;jblakistonjh@mac.com;12346379
703;Marchelle;Flann;96659572178;mflannji@etsy.com;12346380
704;Kesley;Kassman;40596570738;kkassmanjj@cdc.gov;12346381
705;Hortense;Hartopp;93489015692;hhartoppjk@lulu.com;12346382
706;Lay;Baggarley;20082624708;lbaggarleyjl@jiathis.com;12346383
707;Culley;Meyrick;30937183440;cmeyrickjm@cdbaby.com;12346384
708;Chrisse;Mounter;53829112929;cmounterjn@thetimes.co.uk;12346385
709;Kara-lynn;Lief;23742308591;kliefjo@jalbum.net;12346386
710;Blane;Wigginton;99310711051;bwiggintonjp@gnu.org;12346387
711;Dalston;McGoldrick;66542615390;dmcgoldrickjq@theglobeandmail.com;12346388
712;Osmond;Danielou;76581787776;odanieloujr@biglobe.ne.jp;12346389
713;Shanan;Murcutt;27282903215;smurcuttjs@tmall.com;12346390
714;Yancey;Wathell;68376115330;ywathelljt@wufoo.com;12346391
715;Charlotte;Dymock;22254815678;cdymockju@google.it;12346392
716;Clarey;Maddocks;88589564594;cmaddocksjv@devhub.com;12346393
717;Chloette;Laraway;62685294896;clarawayjw@over-blog.com;12346394
718;Gearard;Dable;87209186094;gdablejx@twitter.com;12346395
719;Janessa;Garry;22384919666;jgarryjy@trellian.com;12346396
720;Rachel;Kix;24339776657;rkixjz@harvard.edu;12346397
721;Whitman;Barthelet;86505460992;wbartheletk0@utexas.edu;12346398
722;Derek;Stather;98376757002;dstatherk1@histats.com;12346399
723;Neile;Hardes;17085653421;nhardesk2@instagram.com;12346400
724;Elvera;Reader;72316063174;ereaderk3@soup.io;12346401
725;Carlyle;Wasmuth;71655594372;cwasmuthk4@ft.com;12346402
726;Alverta;Hughman;74711823899;ahughmank5@wordpress.org;12346403
727;Edouard;Leisk;81704441309;eleiskk6@elegantthemes.com;12346404
728;Annetta;Pedri;44343934522;apedrik7@techcrunch.com;12346405
729;Adam;Bunyard;75708831145;abunyardk8@ftc.gov;12346406
730;Kelly;Bazelle;88739333686;kbazellek9@mozilla.org;12346407
731;Thatch;Murrie;97139784454;tmurrieka@amazonaws.com;12346408
732;Roanne;Ragles;29095392139;rragleskb@japanpost.jp;12346409
733;Doralynn;Cuttelar;61578176644;dcuttelarkc@nbcnews.com;12346410
734;Dion;Woodford;18380697188;dwoodfordkd@hostgator.com;12346411
735;Cirstoforo;Seabert;34465837772;cseabertke@yahoo.com;12346412
736;Stephine;Conradie;32927704757;sconradiekf@usatoday.com;12346413
737;Joletta;Mincini;82686109249;jmincinikg@hugedomains.com;12346414
738;Garik;Maryska;68793786339;gmaryskakh@blog.com;12346415
739;Forester;Martinyuk;53584112477;fmartinyukki@tinyurl.com;12346416
740;Sydney;Ferrarese;55443913562;sferraresekj@networkadvertising.org;12346417
741;Louie;Moens;78235651133;lmoenskk@reuters.com;12346418
742;Christin;Vernham;54728521691;cvernhamkl@smugmug.com;12346419
743;Nady;Andreaccio;12782506689;nandreacciokm@fastcompany.com;12346420
744;Mervin;Franciotti;74351108301;mfranciottikn@wsj.com;12346421
745;Panchito;Anthoine;91100712115;panthoineko@ning.com;12346422
746;Jillian;Cleaveland;26454143194;jcleavelandkp@google.com.hk;12346423
747;Cyndi;Maith;42207820843;cmaithkq@opensource.org;12346424
748;Carr;Kindell;77681130192;ckindellkr@webmd.com;12346425
749;Ellsworth;Wrightson;85540875075;ewrightsonks@multiply.com;12346426
750;Danny;Zute;72839588477;dzutekt@tuttocitta.it;12346427
751;Ely;Grogor;67316097244;egrogorku@usda.gov;12346428
752;Nanny;Skeemor;14845917140;nskeemorkv@va.gov;12346429
753;Molly;Vibert;24947627956;mvibertkw@cmu.edu;12346430
754;Jo;Hodgon;18603337231;jhodgonkx@bbc.co.uk;12346431
755;Yolane;Furmenger;89305689620;yfurmengerky@gov.uk;12346432
756;Kippar;Zanitti;50872598057;kzanittikz@eepurl.com;12346433
757;Kennith;Drewett;50607019982;kdrewettl0@behance.net;12346434
758;Jandy;Blakely;27767425807;jblakelyl1@fotki.com;12346435
759;Nikkie;Flannigan;40748723875;nflanniganl2@tmall.com;12346436
760;Suzette;Bastie;73706638117;sbastiel3@usgs.gov;12346437
761;Karim;Scarlin;69541039551;kscarlinl4@wix.com;12346438
762;Julieta;Kiezler;74761910611;jkiezlerl5@globo.com;12346439
763;Jami;Aronoff;45601671990;jaronoffl6@nba.com;12346440
764;Ajay;Herculeson;64935014123;aherculesonl7@blinklist.com;12346441
765;Tobiah;Jacquot;32633203970;tjacquotl8@parallels.com;12346442
766;Flinn;Saladino;75452331970;fsaladinol9@who.int;12346443
767;Shawnee;Long;26236355970;slongla@gov.uk;12346444
768;Alvinia;Kluss;53784534158;aklusslb@360.cn;12346445
769;Dot;Vynarde;81066337925;dvynardelc@topsy.com;12346446
770;Ella;Kynoch;81079097445;ekynochld@dell.com;12346447
771;Margeaux;Pounder;46322334032;mpounderle@ibm.com;12346448
772;Consalve;Vallow;45584806451;cvallowlf@usatoday.com;12346449
773;Flossie;Dewick;27303046062;fdewicklg@nsw.gov.au;12346450
774;Hanny;Hambers;54122260035;hhamberslh@macromedia.com;12346451
775;Link;Bandey;73407237609;lbandeyli@dagondesign.com;12346452
776;Athene;Ecob;74757212625;aecoblj@sohu.com;12346453
777;Linzy;Linggood;76074088903;llinggoodlk@wordpress.com;12346454
778;Emmye;O'Geaney;25977383801;eogeaneyll@theatlantic.com;12346455
779;Wildon;Maylam;36004992986;wmaylamlm@free.fr;12346456
780;Alexandrina;Ledur;73254537510;aledurln@noaa.gov;12346457
781;Pattin;Crichley;68865727371;pcrichleylo@vinaora.com;12346458
782;Krisha;Greensmith;17329130749;kgreensmithlp@pagesperso-orange.fr;12346459
783;Salvidor;Pentland;75000598975;spentlandlq@cnet.com;12346460
784;Faber;Capey;23001919115;fcapeylr@scientificamerican.com;12346461
785;Felicdad;MacAlister;66271490431;fmacalisterls@telegraph.co.uk;12346462
786;Tracie;Kearton;84684198080;tkeartonlt@boston.com;12346463
787;Tedman;Wayte;39193667355;twaytelu@smugmug.com;12346464
788;Bibbye;Stapford;24515658601;bstapfordlv@cbsnews.com;12346465
789;Shirl;Sushams;48740320956;ssushamslw@moonfruit.com;12346466
790;Sayers;Freeland;55294289265;sfreelandlx@cam.ac.uk;12346467
791;Jocko;Mc Cahey;70672933910;jmccaheyly@hugedomains.com;12346468
792;Maryellen;Mackleden;15118803574;mmackledenlz@cnet.com;12346469
793;Elysha;Yearn;20227924695;eyearnm0@gov.uk;12346470
794;Ricca;Worcester;41783597355;rworcesterm1@amazon.co.uk;12346471
795;Caro;Conachy;66482199949;cconachym2@squidoo.com;12346472
796;Fancy;Restill;72913742417;frestillm3@fotki.com;12346473
797;Danny;Jerromes;52953136664;djerromesm4@rakuten.co.jp;12346474
798;Puff;Notley;93290998795;pnotleym5@craigslist.org;12346475
799;Ivory;Hancorn;67784235524;ihancornm6@telegraph.co.uk;12346476
800;Lyon;Ambler;20594280778;lamblerm7@apple.com;12346477
801;Filberto;Redwood;75296660753;fredwoodm8@google.com.hk;12346478
802;Gustave;Elcoux;45108286199;gelcouxm9@prnewswire.com;12346479
803;Cindie;Kenningham;61658811473;ckenninghamma@123-reg.co.uk;12346480
804;Herby;McGenis;22926863833;hmcgenismb@desdev.cn;12346481
805;Ambur;Mitten;83857711059;amittenmc@livejournal.com;12346482
806;Terrance;Whickman;15253083657;twhickmanmd@friendfeed.com;12346483
807;Constancy;Swalough;44344618000;cswaloughme@goodreads.com;12346484
808;Nerte;Evitt;95013559236;nevittmf@creativecommons.org;12346485
809;Beaufort;Weatherall;97623731260;bweatherallmg@jalbum.net;12346486
810;Gerek;Shutle;62994850469;gshutlemh@techcrunch.com;12346487
811;Killy;Tench;70522893478;ktenchmi@ow.ly;12346488
812;Eldridge;Clulee;74878793876;ecluleemj@comsenz.com;12346489
813;Marcelle;Bennett;29115126854;mbennettmk@google.com.au;12346490
814;Daniella;Brockton;26032339435;dbrocktonml@surveymonkey.com;12346491
815;Casey;Donaho;55819952585;cdonahomm@51.la;12346492
816;Bernadette;Maunder;91961563298;bmaundermn@about.me;12346493
817;Chan;Haine;34495297811;chainemo@weather.com;12346494
818;Eba;Rowbury;85006128045;erowburymp@wiley.com;12346495
819;Anet;Sonley;61137216599;asonleymq@skype.com;12346496
820;Sukey;Bonnett;85628248819;sbonnettmr@ucoz.com;12346497
821;Ernie;Tapley;87610326647;etapleyms@howstuffworks.com;12346498
822;Douglas;Flaunders;76837237721;dflaundersmt@geocities.com;12346499
823;Ancell;Scrimshaw;87759578122;ascrimshawmu@va.gov;12346500
824;Terrel;De Filippi;74514509523;tdefilippimv@jigsy.com;12346501
825;Lucine;McMeyler;20882528088;lmcmeylermw@sourceforge.net;12346502
826;Nannette;MacKinnon;25163157464;nmackinnonmx@archive.org;12346503
827;Lorrie;Baxster;88804987086;lbaxstermy@engadget.com;12346504
828;Tansy;Thormann;29733470147;tthormannmz@independent.co.uk;12346505
829;Adey;Castilljo;77369826157;acastilljon0@chronoengine.com;12346506
830;Daron;Fray;42926510489;dfrayn1@fastcompany.com;12346507
831;Whitaker;Clemetts;28024290348;wclemettsn2@ning.com;12346508
832;Twyla;Signore;82143314752;tsignoren3@gravatar.com;12346509
833;Kylen;Gethings;15985295727;kgethingsn4@furl.net;12346510
834;Laverne;Blindermann;46262423629;lblindermannn5@naver.com;12346511
835;Corbin;Zupone;55124935999;czuponen6@addthis.com;12346512
836;Giuditta;Craydon;44795324639;gcraydonn7@youtube.com;12346513
837;Tyson;Faldoe;19056956187;tfaldoen8@addtoany.com;12346514
838;Casandra;Sturge;53013074319;csturgen9@devhub.com;12346515
839;Holly;Loveday;13182322875;hlovedayna@geocities.com;12346516
840;Delia;Morrid;36296328718;dmorridnb@hibu.com;12346517
841;Malvin;Dorwood;83598974422;mdorwoodnc@cafepress.com;12346518
842;Lamond;Cicullo;57690129367;lcicullond@angelfire.com;12346519
843;Ofelia;Kerwin;67902424392;okerwinne@purevolume.com;12346520
844;Dagny;Tilly;63753313658;dtillynf@comcast.net;12346521
845;Erika;Fenny;66814444827;efennyng@163.com;12346522
846;Vyky;Mardy;37448818107;vmardynh@baidu.com;12346523
847;Ellis;Wainscot;43064762204;ewainscotni@unblog.fr;12346524
848;Wilmette;Gaythorpe;75023641939;wgaythorpenj@mashable.com;12346525
849;Curcio;Whyberd;69841714854;cwhyberdnk@twitter.com;12346526
850;Mirabella;Petriello;72627899380;mpetriellonl@prweb.com;12346527
851;Monika;Lindegard;63423341849;mlindegardnm@photobucket.com;12346528
852;Federica;Bagot;31920325677;fbagotnn@sfgate.com;12346529
853;Paco;Benedicto;52401482952;pbenedictono@zimbio.com;12346530
854;Lauritz;Hinsche;38479822737;lhinschenp@flickr.com;12346531
855;Michaelina;Cansdall;23219915124;mcansdallnq@umich.edu;12346532
856;Guinevere;Goldsbrough;35481765861;ggoldsbroughnr@hexun.com;12346533
857;Cecilia;Sibthorpe;61370651532;csibthorpens@1und1.de;12346534
858;Manolo;Sehorsch;42944348618;msehorschnt@scientificamerican.com;12346535
859;Ariana;Doleman;68526177943;adolemannu@smh.com.au;12346536
860;Arlena;Rawls;66305913412;arawlsnv@geocities.jp;12346537
861;Pedro;Rewan;33216625560;prewannw@opensource.org;12346538
862;Tammy;Wincom;34436968348;twincomnx@php.net;12346539
863;Elyn;Marston;18113352421;emarstonny@biblegateway.com;12346540
864;Read;Wigin;54001875895;rwiginnz@businessweek.com;12346541
865;Janeen;Favell;89378718822;jfavello0@cmu.edu;12346542
866;Tresa;Garlee;17191794020;tgarleeo1@state.tx.us;12346543
867;Emylee;Domini;37124436645;edominio2@ucoz.com;12346544
868;Chastity;Hoston;97710026271;chostono3@whitehouse.gov;12346545
869;Cal;Kirk;94471800275;ckirko4@squidoo.com;12346546
870;Gwen;Moylan;71000236984;gmoylano5@nps.gov;12346547
871;Max;Rodda;42257357685;mroddao6@alexa.com;12346548
872;Lek;Speddin;55256772635;lspeddino7@usa.gov;12346549
873;Jena;Keefe;23405754043;jkeefeo8@netvibes.com;12346550
874;Consuelo;Busfield;81404654158;cbusfieldo9@storify.com;12346551
875;Annamaria;Glencrosche;20993906855;aglencroscheoa@google.com;12346552
876;Loren;Buxey;19764250803;lbuxeyob@rakuten.co.jp;12346553
877;Lizzy;Maass;61651977018;lmaassoc@sohu.com;12346554
878;Thorin;Vasyushkhin;95928770637;tvasyushkhinod@unesco.org;12346555
879;Trstram;Phinnessy;78410991437;tphinnessyoe@europa.eu;12346556
880;Dex;Pilbury;64909225562;dpilburyof@pcworld.com;12346557
881;Odele;Gong;31985020935;ogongog@dmoz.org;12346558
882;Chelsey;Polly;83873216946;cpollyoh@google.pl;12346559
883;Selia;de Juares;47053386977;sdejuaresoi@icq.com;12346560
884;Latisha;Mandry;34432470911;lmandryoj@squidoo.com;12346561
885;Clarance;Vasler;18719453758;cvaslerok@infoseek.co.jp;12346562
886;Lorrayne;Poluzzi;36618543760;lpoluzziol@cocolog-nifty.com;12346563
887;Ivy;Woodroof;93471972981;iwoodroofom@sciencedirect.com;12346564
888;Dieter;Tresvina;36506264960;dtresvinaon@imgur.com;12346565
889;Sarge;Iacovino;43899320412;siacovinooo@github.com;12346566
890;Gwyneth;Cosins;70753285121;gcosinsop@amazonaws.com;12346567
891;Thatcher;Walkley;14733525812;twalkleyoq@wp.com;12346568
892;Basilio;Klainman;52843356870;bklainmanor@cbsnews.com;12346569
893;Whitney;McVittie;60054493229;wmcvittieos@etsy.com;12346570
894;Gregg;Crimpe;75110561543;gcrimpeot@deviantart.com;12346571
895;Lind;Grime;47884202886;lgrimeou@vk.com;12346572
896;Doretta;Dudhill;59922057249;ddudhillov@mac.com;12346573
897;Shurlock;Coultass;76651771702;scoultassow@java.com;12346574
898;Milicent;Hawtry;51592635898;mhawtryox@virginia.edu;12346575
899;Ailbert;Friberg;47884357104;afribergoy@jiathis.com;12346576
900;Dara;Ingerith;47696007205;dingerithoz@jiathis.com;12346577
901;Isis;Farans;61438645311;ifaransp0@telegraph.co.uk;12346578
902;Hortensia;Dalligan;94665110842;hdalliganp1@craigslist.org;12346579
903;Dare;Alstead;15883662476;dalsteadp2@hao123.com;12346580
904;Gerty;Rydings;69018099504;grydingsp3@google.com;12346581
905;Katy;Astill;91692818765;kastillp4@marriott.com;12346582
906;Ezra;Byass;60654762794;ebyassp5@icio.us;12346583
907;Farrell;Melton;22193880253;fmeltonp6@jigsy.com;12346584
908;Spence;Blague;34271899692;sblaguep7@cloudflare.com;12346585
909;Bradan;Paolino;22868238499;bpaolinop8@webnode.com;12346586
910;Trude;Kinrade;94538820878;tkinradep9@gnu.org;12346587
911;Phip;Lebrun;74161201547;plebrunpa@ezinearticles.com;12346588
912;Timothy;Barkess;91132256450;tbarkesspb@imgur.com;12346589
913;Daisy;Leman;93572377782;dlemanpc@hao123.com;12346590
914;Vinny;Goforth;92037299715;vgoforthpd@nba.com;12346591
915;Tiffy;Smallman;34809461847;tsmallmanpe@jimdo.com;12346592
916;Erinna;Tadman;95351388544;etadmanpf@ustream.tv;12346593
917;Gabie;Dobbison;87805330994;gdobbisonpg@t.co;12346594
918;Ben;Veregan;87189991398;bvereganph@gravatar.com;12346595
919;Obidiah;Farres;82301734241;ofarrespi@yolasite.com;12346596
920;Turner;Serjeantson;48480179409;tserjeantsonpj@buzzfeed.com;12346597
921;Haleigh;Steere;93534656319;hsteerepk@narod.ru;12346598
922;Penelopa;Liver;90918436039;pliverpl@godaddy.com;12346599
923;Jenine;Ambrogioli;18701441729;jambrogiolipm@mail.ru;12346600
924;Shawnee;Rickersy;92342205661;srickersypn@angelfire.com;12346601
925;Idaline;Spackman;47494946283;ispackmanpo@yellowpages.com;12346602
926;Babbette;Poyzer;58281296441;bpoyzerpp@google.ca;12346603
927;Shana;Butchard;66212327794;sbutchardpq@princeton.edu;12346604
928;Brody;Malsher;90697727699;bmalsherpr@goodreads.com;12346605
929;Cordula;Bougen;40281215332;cbougenps@ebay.com;12346606
930;Peri;Aery;48735330888;paerypt@dmoz.org;12346607
931;Romonda;Ewbanck;28629202837;rewbanckpu@japanpost.jp;12346608
932;Chaim;Gerrad;41892735774;cgerradpv@i2i.jp;12346609
933;Orly;Athelstan;58419003084;oathelstanpw@blogs.com;12346610
934;Ulberto;Pascow;67799852405;upascowpx@usgs.gov;12346611
935;Fae;Buntine;64682815286;fbuntinepy@ovh.net;12346612
936;Rahal;Casajuana;60792837197;rcasajuanapz@si.edu;12346613
937;Marjie;Tarren;96568351983;mtarrenq0@ycombinator.com;12346614
938;Nicki;Jump;69548888447;njumpq1@etsy.com;12346615
939;Dodie;Pitkethly;58816637269;dpitkethlyq2@army.mil;12346616
940;Yovonnda;Robelow;88323768150;yrobelowq3@toplist.cz;12346617
941;Koralle;Burril;29324116955;kburrilq4@altervista.org;12346618
942;Bert;Hawlgarth;67169980031;bhawlgarthq5@t-online.de;12346619
943;Harmonia;Warcup;54171526485;hwarcupq6@psu.edu;12346620
944;Lizbeth;Scrowby;92206387339;lscrowbyq7@nbcnews.com;12346621
945;Murial;Peniello;54446584787;mpenielloq8@blogtalkradio.com;12346622
946;Linda;Silley;57886652561;lsilleyq9@cnet.com;12346623
947;Pavla;D'Oyley;91551933865;pdoyleyqa@tumblr.com;12346624
948;Terry;Sturridge;61816559288;tsturridgeqb@github.io;12346625
949;Carlyle;Lamba;25750994645;clambaqc@dedecms.com;12346626
950;Beaufort;Quayle;68481834640;bquayleqd@merriam-webster.com;12346627
951;Nigel;Rizzini;90817976727;nrizziniqe@flavors.me;12346628
952;Brandais;Bonhill;50323849628;bbonhillqf@naver.com;12346629
953;Beverley;Jeste;14375935671;bjesteqg@geocities.jp;12346630
954;Leanna;Garlette;40997848610;lgarletteqh@marriott.com;12346631
955;Lesya;Storks;32946676447;lstorksqi@indiegogo.com;12346632
956;Dulcy;Dudeney;75487151957;ddudeneyqj@cmu.edu;12346633
957;Dorian;Deeks;36234437704;ddeeksqk@vimeo.com;12346634
958;Torrie;Deeprose;75590673958;tdeeproseql@stumbleupon.com;12346635
959;Riley;Syfax;85398153110;rsyfaxqm@cpanel.net;12346636
960;Gabe;Andrieux;66956244296;gandrieuxqn@census.gov;12346637
961;Woodie;Duer;28820149737;wduerqo@goo.gl;12346638
962;Keelia;Tooting;27040270790;ktootingqp@delicious.com;12346639
963;Kariotta;Leftley;35767057537;kleftleyqq@ucoz.com;12346640
964;Gray;Stagge;89239093147;gstaggeqr@foxnews.com;12346641
965;Juana;Lockyear;10785960642;jlockyearqs@spotify.com;12346642
966;Kayla;Barnhill;46537156441;kbarnhillqt@freewebs.com;12346643
967;Biron;Gillbanks;50075786495;bgillbanksqu@archive.org;12346644
968;Howey;O'Spillane;38165382531;hospillaneqv@columbia.edu;12346645
969;Allyson;Conyard;54653748940;aconyardqw@blogspot.com;12346646
970;Junina;Walsham;80598454442;jwalshamqx@cmu.edu;12346647
971;Sawyer;Allanby;35887687189;sallanbyqy@over-blog.com;12346648
972;Kellyann;Hapgood;44468041555;khapgoodqz@cornell.edu;12346649
973;Celestia;Gobourn;90193852405;cgobournr0@1688.com;12346650
974;Gertrude;Hibbart;88376613484;ghibbartr1@google.de;12346651
975;Robers;Sime;24188772705;rsimer2@youtu.be;12346652
976;Sampson;Mumberson;86642622489;smumbersonr3@instagram.com;12346653
977;Vivyanne;Malden;78410606963;vmaldenr4@friendfeed.com;12346654
978;Arie;Riquet;46279060858;ariquetr5@moonfruit.com;12346655
979;Creighton;Hance;83800115054;chancer6@ning.com;12346656
980;Berkley;Orchart;87490021775;borchartr7@joomla.org;12346657
981;Carolee;Rosenstein;27658260875;crosensteinr8@twitpic.com;12346658
982;Wendye;Lebreton;61276776380;wlebretonr9@deliciousdays.com;12346659
983;Giavani;Birdseye;35558721934;gbirdseyera@bloomberg.com;12346660
984;Doti;Docker;76173486641;ddockerrb@bluehost.com;12346661
985;Brod;Slucock;32690205091;bslucockrc@examiner.com;12346662
986;Tallulah;Borthwick;43730211557;tborthwickrd@gov.uk;12346663
987;Maurizia;Chalkly;39333403857;mchalklyre@acquirethisname.com;12346664
988;Madge;Sieghart;82934546366;msieghartrf@so-net.ne.jp;12346665
989;Natalya;Espasa;74625131982;nespasarg@cbc.ca;12346666
990;Barny;Kingcote;30465657197;bkingcoterh@angelfire.com;12346667
991;Agnella;Kneal;43929268718;aknealri@time.com;12346668
992;Adela;Gouldeby;52497626796;agouldebyrj@time.com;12346669
993;Salomo;Malzard;88148485694;smalzardrk@digg.com;12346670
994;Arlette;Burlingame;66028398099;aburlingamerl@patch.com;12346671
995;Kyrstin;McCritichie;36788536347;kmccritichierm@deviantart.com;12346672
996;Sileas;Pappin;15074131210;spappinrn@de.vu;12346673
997;Lorri;Cordrey;74104476803;lcordreyro@opera.com;12346674
998;Honor;Culver;71949775267;hculverrp@prnewswire.com;12346675
999;Zorana;Dawes;40517572440;zdawesrq@bing.com;12346676
1000;Elsie;Manna;23714799092;emannarr@sciencedirect.com;12346677
