1;Barron;Kopfer;51009861493;bkopfer0@google.nl;6391;87654321
2;Tootsie;Giacobilio;54842554023;tgiacobilio1@miibeian.gov.cn;2504;87654320
3;Berry;Tollfree;27404007196;btollfree2@bigcartel.com;2906;87654319
4;Klement;Cannicott;29024499475;kcannicott3@gnu.org;3361;87654318
5;Martin;Heindl;39132014405;mheindl4@altervista.org;3769;87654317
6;Carla;Andrysek;77104848752;candrysek5@berkeley.edu;7022;87654316
7;Missie;Hiscoe;36170792998;mhiscoe6@devhub.com;2696;87654315
8;Esta;Rookledge;66411149133;erookledge7@jimdo.com;3997;87654314
9;Corny;Spirritt;67220907104;cspirritt8@dailymotion.com;4658;87654313
10;Loralee;Weald;39591521514;lweald9@wikispaces.com;2155;87654312
11;Malory;Rake;27024279027;mrakea@state.gov;2799;87654311
